{
    "camera_matrix": [
        [
            1236.1233787052852,
            0.0,
            817.673695522921
        ],
        [
            0.0,
            1236.53814280483,
            596.5613824349357
        ],
        [
            0.0,
            0.0,
            1.0
        ]
    ],
    "distortion_coefficients": [
        [
            0.11654760139491065,
            -0.34696265032056517,
            0.0009351856575206509,
            0.0007207649751418533,
            0.27652176884443425
        ]
    ]
}